{
  "hash": "f65cc957",
  "configHash": "83187833",
  "lockfileHash": "59b8db51",
  "browserHash": "f5a60709",
  "optimized": {
    "@angular/common/http": {
      "src": "../../../../../../node_modules/@angular/common/fesm2022/http.mjs",
      "file": "@angular_common_http.js",
      "fileHash": "4e1a297f",
      "needsInterop": false
    },
    "@angular/core": {
      "src": "../../../../../../node_modules/@angular/core/fesm2022/core.mjs",
      "file": "@angular_core.js",
      "fileHash": "9a9c5bdd",
      "needsInterop": false
    },
    "@angular/platform-browser": {
      "src": "../../../../../../node_modules/@angular/platform-browser/fesm2022/platform-browser.mjs",
      "file": "@angular_platform-browser.js",
      "fileHash": "4aa7756b",
      "needsInterop": false
    },
    "@angular/router": {
      "src": "../../../../../../node_modules/@angular/router/fesm2022/router.mjs",
      "file": "@angular_router.js",
      "fileHash": "d63ecba2",
      "needsInterop": false
    },
    "flowbite": {
      "src": "../../../../../../node_modules/flowbite/lib/esm/index.js",
      "file": "flowbite.js",
      "fileHash": "56340f19",
      "needsInterop": false
    },
    "rxjs": {
      "src": "../../../../../../node_modules/rxjs/dist/esm5/index.js",
      "file": "rxjs.js",
      "fileHash": "10992113",
      "needsInterop": false
    }
  },
  "chunks": {
    "chunk-X7XVBEBW": {
      "file": "chunk-X7XVBEBW.js"
    },
    "chunk-7DOPMQJH": {
      "file": "chunk-7DOPMQJH.js"
    },
    "chunk-57XOOGN6": {
      "file": "chunk-57XOOGN6.js"
    },
    "chunk-GM2YTKEO": {
      "file": "chunk-GM2YTKEO.js"
    },
    "chunk-WDMUDEB6": {
      "file": "chunk-WDMUDEB6.js"
    }
  }
}